> #summary of model 
> summary(model_gbm)
                                                                                var     rel.inf
SHOT_DIST                                                                 SHOT_DIST 58.57271156
CLOSE_DEF_DIST                                                       CLOSE_DEF_DIST 25.75650712
TOUCH_TIME                                                               TOUCH_TIME  7.18030084
SHOT_CLOCK                                                               SHOT_CLOCK  6.52458913
GAME_CLOCK                                                               GAME_CLOCK  0.51165554
CLOSEST_DEFENDERBURKE, TREY                             CLOSEST_DEFENDERBURKE, TREY  0.16928882
CLOSEST_DEFENDERCALDERON, JOSE                       CLOSEST_DEFENDERCALDERON, JOSE  0.15886905
player_nameJAMES, LEBRON                                   player_nameJAMES, LEBRON  0.14091808
player_nameJOHNSON, JAMES                                 player_nameJOHNSON, JAMES  0.11077739
CLOSEST_DEFENDERKNIGHT, BRANDON                     CLOSEST_DEFENDERKNIGHT, BRANDON  0.09174702
PERIOD4                                                                     PERIOD4  0.09165829
DRIBBLES                                                                   DRIBBLES  0.09076078
player_nameASIK, OMER                                         player_nameASIK, OMER  0.09009405
player_nameWILLIAMS, DERON                               player_nameWILLIAMS, DERON  0.08550141
CLOSEST_DEFENDERHARDAWAY JR, TIM                   CLOSEST_DEFENDERHARDAWAY JR, TIM  0.08184776
player_namePAUL, CHRIS                                       player_namePAUL, CHRIS  0.07969367
player_nameKORVER, KYLE                                     player_nameKORVER, KYLE  0.07759156
CLOSEST_DEFENDERBOGUT, ANDREW                         CLOSEST_DEFENDERBOGUT, ANDREW  0.07216571
player_nameCURRY, STEPHEN                                 player_nameCURRY, STEPHEN  0.06394924
player_nameAJINCA, ALEXIS                                 player_nameAJINCA, ALEXIS  0.04937298
LOCATIONH                                                                 LOCATIONH  0.00000000
PERIOD2                                                                     PERIOD2  0.00000000
PERIOD3                                                                     PERIOD3  0.00000000
PERIOD5                                                                     PERIOD5  0.00000000
PERIOD6                                                                     PERIOD6  0.00000000
PERIOD7                                                                     PERIOD7  0.00000000
PTS_TYPE3                                                                 PTS_TYPE3  0.00000000
CLOSEST_DEFENDERADAMS, JORDAN                         CLOSEST_DEFENDERADAMS, JORDAN  0.00000000
CLOSEST_DEFENDERADAMS, STEVEN                         CLOSEST_DEFENDERADAMS, STEVEN  0.00000000
CLOSEST_DEFENDERADRIEN, JEFF                           CLOSEST_DEFENDERADRIEN, JEFF  0.00000000
CLOSEST_DEFENDERAFFLALO, ARRON                       CLOSEST_DEFENDERAFFLALO, ARRON  0.00000000
CLOSEST_DEFENDERAJINCA, ALEXIS                       CLOSEST_DEFENDERAJINCA, ALEXIS  0.00000000
CLOSEST_DEFENDERALDEMIR, FURKAN                     CLOSEST_DEFENDERALDEMIR, FURKAN  0.00000000
CLOSEST_DEFENDERALDRICH, COLE                         CLOSEST_DEFENDERALDRICH, COLE  0.00000000
CLOSEST_DEFENDERALDRIDGE, LAMARCUS               CLOSEST_DEFENDERALDRIDGE, LAMARCUS  0.00000000
CLOSEST_DEFENDERALLEN, LAVOY                           CLOSEST_DEFENDERALLEN, LAVOY  0.00000000
CLOSEST_DEFENDERALLEN, TONY                             CLOSEST_DEFENDERALLEN, TONY  0.00000000
CLOSEST_DEFENDERAMINU, AL-FAROUQ                   CLOSEST_DEFENDERAMINU, AL-FAROUQ  0.00000000
CLOSEST_DEFENDERAMUNDSON, LOU                         CLOSEST_DEFENDERAMUNDSON, LOU  0.00000000
CLOSEST_DEFENDERANDERSEN, CHRIS                     CLOSEST_DEFENDERANDERSEN, CHRIS  0.00000000
CLOSEST_DEFENDERANDERSON, ALAN                       CLOSEST_DEFENDERANDERSON, ALAN  0.00000000
CLOSEST_DEFENDERANDERSON, KYLE                       CLOSEST_DEFENDERANDERSON, KYLE  0.00000000
CLOSEST_DEFENDERANDERSON, RYAN                       CLOSEST_DEFENDERANDERSON, RYAN  0.00000000
CLOSEST_DEFENDERANTETOKOUNMPO, GIANNIS       CLOSEST_DEFENDERANTETOKOUNMPO, GIANNIS  0.00000000
CLOSEST_DEFENDERANTHONY, CARMELO                   CLOSEST_DEFENDERANTHONY, CARMELO  0.00000000
CLOSEST_DEFENDERANTHONY, JOEL                         CLOSEST_DEFENDERANTHONY, JOEL  0.00000000
CLOSEST_DEFENDERANTIC, PERO                             CLOSEST_DEFENDERANTIC, PERO  0.00000000
CLOSEST_DEFENDERARIZA, TREVOR                         CLOSEST_DEFENDERARIZA, TREVOR  0.00000000
CLOSEST_DEFENDERARTHUR, DARRELL                     CLOSEST_DEFENDERARTHUR, DARRELL  0.00000000
CLOSEST_DEFENDERASIK, OMER                               CLOSEST_DEFENDERASIK, OMER  0.00000000
CLOSEST_DEFENDERAUGUSTIN, DJ                           CLOSEST_DEFENDERAUGUSTIN, DJ  0.00000000
CLOSEST_DEFENDERAYRES, JEFF                             CLOSEST_DEFENDERAYRES, JEFF  0.00000000
CLOSEST_DEFENDERBABBITT, LUKE                         CLOSEST_DEFENDERBABBITT, LUKE  0.00000000
CLOSEST_DEFENDERBAIRSTOW, CAMERON                 CLOSEST_DEFENDERBAIRSTOW, CAMERON  0.00000000
CLOSEST_DEFENDERBARBOSA, LEANDRO                   CLOSEST_DEFENDERBARBOSA, LEANDRO  0.00000000
CLOSEST_DEFENDERBAREA, JOSE JUAN                   CLOSEST_DEFENDERBAREA, JOSE JUAN  0.00000000
CLOSEST_DEFENDERBARGNANI, ANDREA                   CLOSEST_DEFENDERBARGNANI, ANDREA  0.00000000
CLOSEST_DEFENDERBARNES, HARRISON                   CLOSEST_DEFENDERBARNES, HARRISON  0.00000000
CLOSEST_DEFENDERBARNES, MATT                           CLOSEST_DEFENDERBARNES, MATT  0.00000000
CLOSEST_DEFENDERBARRON, EARL                           CLOSEST_DEFENDERBARRON, EARL  0.00000000
CLOSEST_DEFENDERBARTON, WILL                           CLOSEST_DEFENDERBARTON, WILL  0.00000000
CLOSEST_DEFENDERBASS, BRANDON                         CLOSEST_DEFENDERBASS, BRANDON  0.00000000
CLOSEST_DEFENDERBATUM, NICOLAS                       CLOSEST_DEFENDERBATUM, NICOLAS  0.00000000
CLOSEST_DEFENDERBAYLESS, JERRYD                     CLOSEST_DEFENDERBAYLESS, JERRYD  0.00000000
CLOSEST_DEFENDERBAYNES, ARON                           CLOSEST_DEFENDERBAYNES, ARON  0.00000000
CLOSEST_DEFENDERBAZEMORE, KENT                       CLOSEST_DEFENDERBAZEMORE, KENT  0.00000000
CLOSEST_DEFENDERBEAL, BRADLEY                         CLOSEST_DEFENDERBEAL, BRADLEY  0.00000000
CLOSEST_DEFENDERBEASLEY, MICHAEL                   CLOSEST_DEFENDERBEASLEY, MICHAEL  0.00000000
CLOSEST_DEFENDERBELINELLI, MARCO                   CLOSEST_DEFENDERBELINELLI, MARCO  0.00000000
CLOSEST_DEFENDERBENNETT, ANTHONY                   CLOSEST_DEFENDERBENNETT, ANTHONY  0.00000000
CLOSEST_DEFENDERBEVERLEY, PATRICK                 CLOSEST_DEFENDERBEVERLEY, PATRICK  0.00000000
CLOSEST_DEFENDERBIYOMBO, BISMACK                   CLOSEST_DEFENDERBIYOMBO, BISMACK  0.00000000
CLOSEST_DEFENDERBLACK, TARIK                           CLOSEST_DEFENDERBLACK, TARIK  0.00000000
CLOSEST_DEFENDERBLAIR, DEJUAN                         CLOSEST_DEFENDERBLAIR, DEJUAN  0.00000000
CLOSEST_DEFENDERBLAKE, STEVE                           CLOSEST_DEFENDERBLAKE, STEVE  0.00000000
CLOSEST_DEFENDERBLEDSOE, ERIC                         CLOSEST_DEFENDERBLEDSOE, ERIC  0.00000000
CLOSEST_DEFENDERBOGDANOVIC, BOJAN                 CLOSEST_DEFENDERBOGDANOVIC, BOJAN  0.00000000
CLOSEST_DEFENDERBONNER, MATT                           CLOSEST_DEFENDERBONNER, MATT  0.00000000
CLOSEST_DEFENDERBOOKER, TREVOR                       CLOSEST_DEFENDERBOOKER, TREVOR  0.00000000
CLOSEST_DEFENDERBOOZER, CARLOS                       CLOSEST_DEFENDERBOOZER, CARLOS  0.00000000
CLOSEST_DEFENDERBOSH, CHRIS                             CLOSEST_DEFENDERBOSH, CHRIS  0.00000000
CLOSEST_DEFENDERBRADLEY, AVERY                       CLOSEST_DEFENDERBRADLEY, AVERY  0.00000000
CLOSEST_DEFENDERBRAND, ELTON                           CLOSEST_DEFENDERBRAND, ELTON  0.00000000
CLOSEST_DEFENDERBREWER, COREY                         CLOSEST_DEFENDERBREWER, COREY  0.00000000
CLOSEST_DEFENDERBROOKS, AARON                         CLOSEST_DEFENDERBROOKS, AARON  0.00000000
CLOSEST_DEFENDERBROWN, LORENZO                       CLOSEST_DEFENDERBROWN, LORENZO  0.00000000
CLOSEST_DEFENDERBROWN, MARKEL                         CLOSEST_DEFENDERBROWN, MARKEL  0.00000000
CLOSEST_DEFENDERBROWN, SHANNON                       CLOSEST_DEFENDERBROWN, SHANNON  0.00000000
CLOSEST_DEFENDERBRYANT, KOBE                           CLOSEST_DEFENDERBRYANT, KOBE  0.00000000
CLOSEST_DEFENDERBUDINGER, CHASE                     CLOSEST_DEFENDERBUDINGER, CHASE  0.00000000
CLOSEST_DEFENDERBULLOCK, REGGIE                     CLOSEST_DEFENDERBULLOCK, REGGIE  0.00000000
CLOSEST_DEFENDERBURKS, ALEC                             CLOSEST_DEFENDERBURKS, ALEC  0.00000000
CLOSEST_DEFENDERBUTLER, CARON                         CLOSEST_DEFENDERBUTLER, CARON  0.00000000
CLOSEST_DEFENDERBUTLER, JIMMY                         CLOSEST_DEFENDERBUTLER, JIMMY  0.00000000
CLOSEST_DEFENDERBUTLER, RASUAL                       CLOSEST_DEFENDERBUTLER, RASUAL  0.00000000
CLOSEST_DEFENDERCABOCLO, BRUNO                       CLOSEST_DEFENDERCABOCLO, BRUNO  0.00000000
CLOSEST_DEFENDERCALATHES, NICK                       CLOSEST_DEFENDERCALATHES, NICK  0.00000000
CLOSEST_DEFENDERCALDWELL-POPE, KENTAVIOUS CLOSEST_DEFENDERCALDWELL-POPE, KENTAVIOUS  0.00000000
CLOSEST_DEFENDERCANAAN, ISAIAH                       CLOSEST_DEFENDERCANAAN, ISAIAH  0.00000000
CLOSEST_DEFENDERCAPELA, CLINT                         CLOSEST_DEFENDERCAPELA, CLINT  0.00000000
CLOSEST_DEFENDERCARROLL, DEMARRE                   CLOSEST_DEFENDERCARROLL, DEMARRE  0.00000000
CLOSEST_DEFENDERCARTER-WILLIAMS, MICHAEL   CLOSEST_DEFENDERCARTER-WILLIAMS, MICHAEL  0.00000000
CLOSEST_DEFENDERCARTER, VINCE                         CLOSEST_DEFENDERCARTER, VINCE  0.00000000
CLOSEST_DEFENDERCASSPI, OMRI                           CLOSEST_DEFENDERCASSPI, OMRI  0.00000000
CLOSEST_DEFENDERCHALMERS, MARIO                     CLOSEST_DEFENDERCHALMERS, MARIO  0.00000000
CLOSEST_DEFENDERCHANDLER, TYSON                     CLOSEST_DEFENDERCHANDLER, TYSON  0.00000000
CLOSEST_DEFENDERCHANDLER, WILSON                   CLOSEST_DEFENDERCHANDLER, WILSON  0.00000000
CLOSEST_DEFENDERCHERRY, WILL                           CLOSEST_DEFENDERCHERRY, WILL  0.00000000
CLOSEST_DEFENDERCHRISTOPHER, PATRICK           CLOSEST_DEFENDERCHRISTOPHER, PATRICK  0.00000000
CLOSEST_DEFENDERCLARK, IAN                               CLOSEST_DEFENDERCLARK, IAN  0.00000000
CLOSEST_DEFENDERCLARKSON, JORDAN                   CLOSEST_DEFENDERCLARKSON, JORDAN  0.00000000
CLOSEST_DEFENDERCLAVER, VICTOR                       CLOSEST_DEFENDERCLAVER, VICTOR  0.00000000
CLOSEST_DEFENDERCOLE, NORRIS                           CLOSEST_DEFENDERCOLE, NORRIS  0.00000000
CLOSEST_DEFENDERCOLLISON, DARREN                   CLOSEST_DEFENDERCOLLISON, DARREN  0.00000000
CLOSEST_DEFENDERCOLLISON, NICK                       CLOSEST_DEFENDERCOLLISON, NICK  0.00000000
CLOSEST_DEFENDERCONLEY, MIKE                           CLOSEST_DEFENDERCONLEY, MIKE  0.00000000
CLOSEST_DEFENDERCOPELAND, CHRIS                     CLOSEST_DEFENDERCOPELAND, CHRIS  0.00000000
CLOSEST_DEFENDERCOUSINS, DEMARCUS                 CLOSEST_DEFENDERCOUSINS, DEMARCUS  0.00000000
CLOSEST_DEFENDERCOVINGTON, ROBERT                 CLOSEST_DEFENDERCOVINGTON, ROBERT  0.00000000
CLOSEST_DEFENDERCRABBE, ALLEN                         CLOSEST_DEFENDERCRABBE, ALLEN  0.00000000
CLOSEST_DEFENDERCRAWFORD, JAMAL                     CLOSEST_DEFENDERCRAWFORD, JAMAL  0.00000000
CLOSEST_DEFENDERCROWDER, JAE                           CLOSEST_DEFENDERCROWDER, JAE  0.00000000
CLOSEST_DEFENDERCUNNINGHAM, DANTE                 CLOSEST_DEFENDERCUNNINGHAM, DANTE  0.00000000
CLOSEST_DEFENDERCUNNINGHAM, JARED                 CLOSEST_DEFENDERCUNNINGHAM, JARED  0.00000000
CLOSEST_DEFENDERCURRY, STEPHEN                       CLOSEST_DEFENDERCURRY, STEPHEN  0.00000000
CLOSEST_DEFENDERDALEMBERT, SAMUEL                 CLOSEST_DEFENDERDALEMBERT, SAMUEL  0.00000000
CLOSEST_DEFENDERDANIELS, TROY                         CLOSEST_DEFENDERDANIELS, TROY  0.00000000
CLOSEST_DEFENDERDATOME, GIGI                           CLOSEST_DEFENDERDATOME, GIGI  0.00000000
CLOSEST_DEFENDERDAVIES, BRANDON                     CLOSEST_DEFENDERDAVIES, BRANDON  0.00000000
CLOSEST_DEFENDERDAVIS, ANTHONY                       CLOSEST_DEFENDERDAVIS, ANTHONY  0.00000000
CLOSEST_DEFENDERDAVIS, ED                                 CLOSEST_DEFENDERDAVIS, ED  0.00000000
CLOSEST_DEFENDERDAVIS, GLEN                             CLOSEST_DEFENDERDAVIS, GLEN  0.00000000
CLOSEST_DEFENDERDAWKINS, ANDRE                       CLOSEST_DEFENDERDAWKINS, ANDRE  0.00000000
CLOSEST_DEFENDERDAYE, AUSTIN                           CLOSEST_DEFENDERDAYE, AUSTIN  0.00000000
CLOSEST_DEFENDERDEDMON, DEWAYNE                     CLOSEST_DEFENDERDEDMON, DEWAYNE  0.00000000
CLOSEST_DEFENDERDELLAVEDOVA, MATTHEW           CLOSEST_DEFENDERDELLAVEDOVA, MATTHEW  0.00000000
CLOSEST_DEFENDERDENG, LUOL                               CLOSEST_DEFENDERDENG, LUOL  0.00000000
CLOSEST_DEFENDERDEROZAN, DEMAR                       CLOSEST_DEFENDERDEROZAN, DEMAR  0.00000000
CLOSEST_DEFENDERDIAW, BORIS                             CLOSEST_DEFENDERDIAW, BORIS  0.00000000
CLOSEST_DEFENDERDIENG, GORGUI                         CLOSEST_DEFENDERDIENG, GORGUI  0.00000000
CLOSEST_DEFENDERDINWIDDIE, SPENCER               CLOSEST_DEFENDERDINWIDDIE, SPENCER  0.00000000
CLOSEST_DEFENDERDORSEY, JOEY                           CLOSEST_DEFENDERDORSEY, JOEY  0.00000000
CLOSEST_DEFENDERDOS SANTOS, ATILA                 CLOSEST_DEFENDERDOS SANTOS, ATILA  0.00000000
CLOSEST_DEFENDERDOUGLAS-ROBERTS, CHRIS       CLOSEST_DEFENDERDOUGLAS-ROBERTS, CHRIS  0.00000000
CLOSEST_DEFENDERDOUGLAS, TONEY                       CLOSEST_DEFENDERDOUGLAS, TONEY  0.00000000
CLOSEST_DEFENDERDRAGIC, GORAN                         CLOSEST_DEFENDERDRAGIC, GORAN  0.00000000
CLOSEST_DEFENDERDRAGIC, ZORAN                         CLOSEST_DEFENDERDRAGIC, ZORAN  0.00000000
CLOSEST_DEFENDERDREW, LARRY                             CLOSEST_DEFENDERDREW, LARRY  0.00000000
CLOSEST_DEFENDERDRUMMOND, ANDRE                     CLOSEST_DEFENDERDRUMMOND, ANDRE  0.00000000
CLOSEST_DEFENDERDUDLEY, JARED                         CLOSEST_DEFENDERDUDLEY, JARED  0.00000000
CLOSEST_DEFENDERDUNCAN, TIM                             CLOSEST_DEFENDERDUNCAN, TIM  0.00000000
CLOSEST_DEFENDERDUNLEAVY, MIKE                       CLOSEST_DEFENDERDUNLEAVY, MIKE  0.00000000
CLOSEST_DEFENDERDURANT, KEVIN                         CLOSEST_DEFENDERDURANT, KEVIN  0.00000000
CLOSEST_DEFENDEREARLY, CLEANTHONY                 CLOSEST_DEFENDEREARLY, CLEANTHONY  0.00000000
CLOSEST_DEFENDERELLINGTON, WAYNE                   CLOSEST_DEFENDERELLINGTON, WAYNE  0.00000000
CLOSEST_DEFENDERELLIS, MONTA                           CLOSEST_DEFENDERELLIS, MONTA  0.00000000
CLOSEST_DEFENDERENNIS, JAMES                           CLOSEST_DEFENDERENNIS, JAMES  0.00000000
CLOSEST_DEFENDERENNIS, TYLER                           CLOSEST_DEFENDERENNIS, TYLER  0.00000000
CLOSEST_DEFENDEREVANS, JEREMY                         CLOSEST_DEFENDEREVANS, JEREMY  0.00000000
CLOSEST_DEFENDEREVANS, REGGIE                         CLOSEST_DEFENDEREVANS, REGGIE  0.00000000
CLOSEST_DEFENDEREVANS, TYREKE                         CLOSEST_DEFENDEREVANS, TYREKE  0.00000000
CLOSEST_DEFENDEREXUM, DANTE                             CLOSEST_DEFENDEREXUM, DANTE  0.00000000
CLOSEST_DEFENDEREZELI, FESTUS                         CLOSEST_DEFENDEREZELI, FESTUS  0.00000000
CLOSEST_DEFENDERFARIED, KENNETH                     CLOSEST_DEFENDERFARIED, KENNETH  0.00000000
CLOSEST_DEFENDERFARMAR, JORDAN                       CLOSEST_DEFENDERFARMAR, JORDAN  0.00000000
CLOSEST_DEFENDERFAVORS, DERRICK                     CLOSEST_DEFENDERFAVORS, DERRICK  0.00000000
CLOSEST_DEFENDERFELTON, RAYMOND                     CLOSEST_DEFENDERFELTON, RAYMOND  0.00000000
CLOSEST_DEFENDERFIELDS, LANDRY                       CLOSEST_DEFENDERFIELDS, LANDRY  0.00000000
CLOSEST_DEFENDERFOURNIER, EVAN                       CLOSEST_DEFENDERFOURNIER, EVAN  0.00000000
CLOSEST_DEFENDERFOYE, RANDY                             CLOSEST_DEFENDERFOYE, RANDY  0.00000000
CLOSEST_DEFENDERFRAZIER, TIM                           CLOSEST_DEFENDERFRAZIER, TIM  0.00000000
CLOSEST_DEFENDERFREDETTE, JIMMER                   CLOSEST_DEFENDERFREDETTE, JIMMER  0.00000000
CLOSEST_DEFENDERFREELAND, JOEL                       CLOSEST_DEFENDERFREELAND, JOEL  0.00000000
CLOSEST_DEFENDERFRYE, CHANNING                       CLOSEST_DEFENDERFRYE, CHANNING  0.00000000
CLOSEST_DEFENDERGALLINARI, DANILO                 CLOSEST_DEFENDERGALLINARI, DANILO  0.00000000
CLOSEST_DEFENDERGALLOWAY, LANGSTON               CLOSEST_DEFENDERGALLOWAY, LANGSTON  0.00000000
CLOSEST_DEFENDERGARCIA, FRANCISCO                 CLOSEST_DEFENDERGARCIA, FRANCISCO  0.00000000
CLOSEST_DEFENDERGARNETT, KEVIN                       CLOSEST_DEFENDERGARNETT, KEVIN  0.00000000
CLOSEST_DEFENDERGASOL, MARC                             CLOSEST_DEFENDERGASOL, MARC  0.00000000
CLOSEST_DEFENDERGASOL, PAU                               CLOSEST_DEFENDERGASOL, PAU  0.00000000
CLOSEST_DEFENDERGAY, RUDY                                 CLOSEST_DEFENDERGAY, RUDY  0.00000000
CLOSEST_DEFENDERGEE, ALONZO                             CLOSEST_DEFENDERGEE, ALONZO  0.00000000
CLOSEST_DEFENDERGIBSON, TAJ                             CLOSEST_DEFENDERGIBSON, TAJ  0.00000000
CLOSEST_DEFENDERGINOBILI, MANU                       CLOSEST_DEFENDERGINOBILI, MANU  0.00000000
CLOSEST_DEFENDERGOBERT, RUDY                           CLOSEST_DEFENDERGOBERT, RUDY  0.00000000
CLOSEST_DEFENDERGOODEN, DREW                           CLOSEST_DEFENDERGOODEN, DREW  0.00000000
CLOSEST_DEFENDERGOODWIN, ARCHIE                     CLOSEST_DEFENDERGOODWIN, ARCHIE  0.00000000
CLOSEST_DEFENDERGORDON, AARON                         CLOSEST_DEFENDERGORDON, AARON  0.00000000
CLOSEST_DEFENDERGORDON, BEN                             CLOSEST_DEFENDERGORDON, BEN  0.00000000
CLOSEST_DEFENDERGORDON, DREW                           CLOSEST_DEFENDERGORDON, DREW  0.00000000
CLOSEST_DEFENDERGORDON, ERIC                           CLOSEST_DEFENDERGORDON, ERIC  0.00000000
CLOSEST_DEFENDERGORTAT, MARCIN                       CLOSEST_DEFENDERGORTAT, MARCIN  0.00000000
CLOSEST_DEFENDERGRANGER, DANNY                       CLOSEST_DEFENDERGRANGER, DANNY  0.00000000
CLOSEST_DEFENDERGRANT, JERAMI                         CLOSEST_DEFENDERGRANT, JERAMI  0.00000000
CLOSEST_DEFENDERGREEN, DANNY                           CLOSEST_DEFENDERGREEN, DANNY  0.00000000
CLOSEST_DEFENDERGREEN, DRAYMOND                     CLOSEST_DEFENDERGREEN, DRAYMOND  0.00000000
CLOSEST_DEFENDERGREEN, ERICK                           CLOSEST_DEFENDERGREEN, ERICK  0.00000000
CLOSEST_DEFENDERGREEN, GERALD                         CLOSEST_DEFENDERGREEN, GERALD  0.00000000
CLOSEST_DEFENDERGREEN, JAMYCHAL                     CLOSEST_DEFENDERGREEN, JAMYCHAL  0.00000000
CLOSEST_DEFENDERGREEN, JEFF                             CLOSEST_DEFENDERGREEN, JEFF  0.00000000
CLOSEST_DEFENDERGREEN, WILLIE                         CLOSEST_DEFENDERGREEN, WILLIE  0.00000000
CLOSEST_DEFENDERGRIFFIN, BLAKE                       CLOSEST_DEFENDERGRIFFIN, BLAKE  0.00000000
CLOSEST_DEFENDERGUTIERREZ, JORGE                   CLOSEST_DEFENDERGUTIERREZ, JORGE  0.00000000
CLOSEST_DEFENDERHAIRSTON, PJ                           CLOSEST_DEFENDERHAIRSTON, PJ  0.00000000
CLOSEST_DEFENDERHAMILTON, JORDAN                   CLOSEST_DEFENDERHAMILTON, JORDAN  0.00000000
CLOSEST_DEFENDERHAMILTON, JUSTIN                   CLOSEST_DEFENDERHAMILTON, JUSTIN  0.00000000
CLOSEST_DEFENDERHANSBROUGH, TYLER                 CLOSEST_DEFENDERHANSBROUGH, TYLER  0.00000000
CLOSEST_DEFENDERHARDEN, JAMES                         CLOSEST_DEFENDERHARDEN, JAMES  0.00000000
CLOSEST_DEFENDERHARKLESS, MAURICE                 CLOSEST_DEFENDERHARKLESS, MAURICE  0.00000000
CLOSEST_DEFENDERHARRIS, DEVIN                         CLOSEST_DEFENDERHARRIS, DEVIN  0.00000000
CLOSEST_DEFENDERHARRIS, GARY                           CLOSEST_DEFENDERHARRIS, GARY  0.00000000
CLOSEST_DEFENDERHARRIS, JOE                             CLOSEST_DEFENDERHARRIS, JOE  0.00000000
CLOSEST_DEFENDERHARRIS, TOBIAS                       CLOSEST_DEFENDERHARRIS, TOBIAS  0.00000000
CLOSEST_DEFENDERHASLEM, UDONIS                       CLOSEST_DEFENDERHASLEM, UDONIS  0.00000000
CLOSEST_DEFENDERHAWES, SPENCER                       CLOSEST_DEFENDERHAWES, SPENCER  0.00000000
CLOSEST_DEFENDERHAYES, CHARLES                       CLOSEST_DEFENDERHAYES, CHARLES  0.00000000
CLOSEST_DEFENDERHAYWARD, GORDON                     CLOSEST_DEFENDERHAYWARD, GORDON  0.00000000
CLOSEST_DEFENDERHAYWOOD, BRENDAN                   CLOSEST_DEFENDERHAYWOOD, BRENDAN  0.00000000
CLOSEST_DEFENDERHENDERSON, GERALD                 CLOSEST_DEFENDERHENDERSON, GERALD  0.00000000
CLOSEST_DEFENDERHENRY, XAVIER                         CLOSEST_DEFENDERHENRY, XAVIER  0.00000000
CLOSEST_DEFENDERHENSON, JOHN                           CLOSEST_DEFENDERHENSON, JOHN  0.00000000
CLOSEST_DEFENDERHIBBERT, ROY                           CLOSEST_DEFENDERHIBBERT, ROY  0.00000000
CLOSEST_DEFENDERHICKSON, JJ                             CLOSEST_DEFENDERHICKSON, JJ  0.00000000
CLOSEST_DEFENDERHILL, GEORGE                           CLOSEST_DEFENDERHILL, GEORGE  0.00000000
CLOSEST_DEFENDERHILL, JORDAN                           CLOSEST_DEFENDERHILL, JORDAN  0.00000000
CLOSEST_DEFENDERHILL, SOLOMON                         CLOSEST_DEFENDERHILL, SOLOMON  0.00000000
CLOSEST_DEFENDERHINRICH, KIRK                         CLOSEST_DEFENDERHINRICH, KIRK  0.00000000
CLOSEST_DEFENDERHOLIDAY, JRUE                         CLOSEST_DEFENDERHOLIDAY, JRUE  0.00000000
CLOSEST_DEFENDERHOLIDAY, JUSTIN                     CLOSEST_DEFENDERHOLIDAY, JUSTIN  0.00000000
CLOSEST_DEFENDERHOLLINS, RYAN                         CLOSEST_DEFENDERHOLLINS, RYAN  0.00000000
CLOSEST_DEFENDERHOOD, RODNEY                           CLOSEST_DEFENDERHOOD, RODNEY  0.00000000
CLOSEST_DEFENDERHORFORD, AL                             CLOSEST_DEFENDERHORFORD, AL  0.00000000
CLOSEST_DEFENDERHOWARD, DWIGHT                       CLOSEST_DEFENDERHOWARD, DWIGHT  0.00000000
CLOSEST_DEFENDERHUMMEL, ROBBIE                       CLOSEST_DEFENDERHUMMEL, ROBBIE  0.00000000
CLOSEST_DEFENDERHUMPHRIES, KRIS                     CLOSEST_DEFENDERHUMPHRIES, KRIS  0.00000000
CLOSEST_DEFENDERIBAKA, SERGE                           CLOSEST_DEFENDERIBAKA, SERGE  0.00000000
CLOSEST_DEFENDERIGUODALA, ANDRE                     CLOSEST_DEFENDERIGUODALA, ANDRE  0.00000000
CLOSEST_DEFENDERILYASOVA, ERSAN                     CLOSEST_DEFENDERILYASOVA, ERSAN  0.00000000
CLOSEST_DEFENDERINGLES, JOE                             CLOSEST_DEFENDERINGLES, JOE  0.00000000
CLOSEST_DEFENDERIRVING, KYRIE                         CLOSEST_DEFENDERIRVING, KYRIE  0.00000000
CLOSEST_DEFENDERJACK, JARRETT                         CLOSEST_DEFENDERJACK, JARRETT  0.00000000
CLOSEST_DEFENDERJACKSON, REGGIE                     CLOSEST_DEFENDERJACKSON, REGGIE  0.00000000
CLOSEST_DEFENDERJAMES, BERNARD                       CLOSEST_DEFENDERJAMES, BERNARD  0.00000000
CLOSEST_DEFENDERJAMES, LEBRON                         CLOSEST_DEFENDERJAMES, LEBRON  0.00000000
CLOSEST_DEFENDERJEFFERSON, AL                         CLOSEST_DEFENDERJEFFERSON, AL  0.00000000
CLOSEST_DEFENDERJEFFERSON, CORY                     CLOSEST_DEFENDERJEFFERSON, CORY  0.00000000
CLOSEST_DEFENDERJEFFERSON, RICHARD               CLOSEST_DEFENDERJEFFERSON, RICHARD  0.00000000
CLOSEST_DEFENDERJENKINS, JOHN                         CLOSEST_DEFENDERJENKINS, JOHN  0.00000000
CLOSEST_DEFENDERJENNINGS, BRANDON                 CLOSEST_DEFENDERJENNINGS, BRANDON  0.00000000
CLOSEST_DEFENDERJEREBKO, JONAS                       CLOSEST_DEFENDERJEREBKO, JONAS  0.00000000
CLOSEST_DEFENDERJERRETT, GRANT                       CLOSEST_DEFENDERJERRETT, GRANT  0.00000000
CLOSEST_DEFENDERJOHNSON, AMIR                         CLOSEST_DEFENDERJOHNSON, AMIR  0.00000000
CLOSEST_DEFENDERJOHNSON, CHRIS                       CLOSEST_DEFENDERJOHNSON, CHRIS  0.00000000
CLOSEST_DEFENDERJOHNSON, JAMES                       CLOSEST_DEFENDERJOHNSON, JAMES  0.00000000
CLOSEST_DEFENDERJOHNSON, JOE                           CLOSEST_DEFENDERJOHNSON, JOE  0.00000000
CLOSEST_DEFENDERJOHNSON, NICK                         CLOSEST_DEFENDERJOHNSON, NICK  0.00000000
CLOSEST_DEFENDERJOHNSON, TYLER                       CLOSEST_DEFENDERJOHNSON, TYLER  0.00000000
CLOSEST_DEFENDERJOHNSON, WESLEY                     CLOSEST_DEFENDERJOHNSON, WESLEY  0.00000000
CLOSEST_DEFENDERJONES, DAHNTAY                       CLOSEST_DEFENDERJONES, DAHNTAY  0.00000000
CLOSEST_DEFENDERJONES, JAMES                           CLOSEST_DEFENDERJONES, JAMES  0.00000000
CLOSEST_DEFENDERJONES, PERRY                           CLOSEST_DEFENDERJONES, PERRY  0.00000000
CLOSEST_DEFENDERJONES, TERRENCE                     CLOSEST_DEFENDERJONES, TERRENCE  0.00000000
CLOSEST_DEFENDERJORDAN, DEANDRE                     CLOSEST_DEFENDERJORDAN, DEANDRE  0.00000000
CLOSEST_DEFENDERJORDAN, JEROME                       CLOSEST_DEFENDERJORDAN, JEROME  0.00000000
CLOSEST_DEFENDERJOSEPH, CORY                           CLOSEST_DEFENDERJOSEPH, CORY  0.00000000
CLOSEST_DEFENDERKAMAN, CHRIS                           CLOSEST_DEFENDERKAMAN, CHRIS  0.00000000
CLOSEST_DEFENDERKANTER, ENES                           CLOSEST_DEFENDERKANTER, ENES  0.00000000
CLOSEST_DEFENDERKARASEV, SERGEY                     CLOSEST_DEFENDERKARASEV, SERGEY  0.00000000
CLOSEST_DEFENDERKELLY, RYAN                             CLOSEST_DEFENDERKELLY, RYAN  0.00000000
CLOSEST_DEFENDERKIDD-GILCHRIST, MICHAEL     CLOSEST_DEFENDERKIDD-GILCHRIST, MICHAEL  0.00000000
CLOSEST_DEFENDERKIRILENKO, ANDREI                 CLOSEST_DEFENDERKIRILENKO, ANDREI  0.00000000
CLOSEST_DEFENDERKIRK, ALEX                               CLOSEST_DEFENDERKIRK, ALEX  0.00000000
CLOSEST_DEFENDERKORVER, KYLE                           CLOSEST_DEFENDERKORVER, KYLE  0.00000000
CLOSEST_DEFENDERKOUFOS, KOSTA                         CLOSEST_DEFENDERKOUFOS, KOSTA  0.00000000
CLOSEST_DEFENDERKUZMIC, OGNJEN                       CLOSEST_DEFENDERKUZMIC, OGNJEN  0.00000000
CLOSEST_DEFENDERLAMB, JEREMY                           CLOSEST_DEFENDERLAMB, JEREMY  0.00000000
CLOSEST_DEFENDERLANDRY, CARL                           CLOSEST_DEFENDERLANDRY, CARL  0.00000000
CLOSEST_DEFENDERLARKIN, SHANE                         CLOSEST_DEFENDERLARKIN, SHANE  0.00000000
CLOSEST_DEFENDERLAUVERGNE, JOFFREY               CLOSEST_DEFENDERLAUVERGNE, JOFFREY  0.00000000
CLOSEST_DEFENDERLAVINE, ZACH                           CLOSEST_DEFENDERLAVINE, ZACH  0.00000000
CLOSEST_DEFENDERLAWSON, TY                               CLOSEST_DEFENDERLAWSON, TY  0.00000000
CLOSEST_DEFENDERLEDO, RICKY                             CLOSEST_DEFENDERLEDO, RICKY  0.00000000
CLOSEST_DEFENDERLEE, COURTNEY                         CLOSEST_DEFENDERLEE, COURTNEY  0.00000000
CLOSEST_DEFENDERLEE, DAVID                               CLOSEST_DEFENDERLEE, DAVID  0.00000000
CLOSEST_DEFENDERLEN, ALEX                                 CLOSEST_DEFENDERLEN, ALEX  0.00000000
CLOSEST_DEFENDERLEONARD, KAWHI                       CLOSEST_DEFENDERLEONARD, KAWHI  0.00000000
CLOSEST_DEFENDERLEONARD, MEYERS                     CLOSEST_DEFENDERLEONARD, MEYERS  0.00000000
CLOSEST_DEFENDERLEUER, JON                               CLOSEST_DEFENDERLEUER, JON  0.00000000
CLOSEST_DEFENDERLILLARD, DAMIAN                     CLOSEST_DEFENDERLILLARD, DAMIAN  0.00000000
CLOSEST_DEFENDERLIN, JEREMY                             CLOSEST_DEFENDERLIN, JEREMY  0.00000000
CLOSEST_DEFENDERLIVINGSTON, SHAUN                 CLOSEST_DEFENDERLIVINGSTON, SHAUN  0.00000000
CLOSEST_DEFENDERLOPEZ, BROOK                           CLOSEST_DEFENDERLOPEZ, BROOK  0.00000000
CLOSEST_DEFENDERLOPEZ, ROBIN                           CLOSEST_DEFENDERLOPEZ, ROBIN  0.00000000
CLOSEST_DEFENDERLOVE, KEVIN                             CLOSEST_DEFENDERLOVE, KEVIN  0.00000000
CLOSEST_DEFENDERLOWRY, KYLE                             CLOSEST_DEFENDERLOWRY, KYLE  0.00000000
CLOSEST_DEFENDERLUCAS III, JOHN                     CLOSEST_DEFENDERLUCAS III, JOHN  0.00000000
CLOSEST_DEFENDERLUCAS, KALIN                           CLOSEST_DEFENDERLUCAS, KALIN  0.00000000
CLOSEST_DEFENDERMACK, SHELVIN                         CLOSEST_DEFENDERMACK, SHELVIN  0.00000000
CLOSEST_DEFENDERMAHINMI, IAN                           CLOSEST_DEFENDERMAHINMI, IAN  0.00000000
CLOSEST_DEFENDERMARBLE, DEVYN                         CLOSEST_DEFENDERMARBLE, DEVYN  0.00000000
CLOSEST_DEFENDERMARION, SHAWN                         CLOSEST_DEFENDERMARION, SHAWN  0.00000000
CLOSEST_DEFENDERMARSHALL, KENDALL                 CLOSEST_DEFENDERMARSHALL, KENDALL  0.00000000
CLOSEST_DEFENDERMARTIN, CARTIER                     CLOSEST_DEFENDERMARTIN, CARTIER  0.00000000
CLOSEST_DEFENDERMARTIN, KENYON                       CLOSEST_DEFENDERMARTIN, KENYON  0.00000000
CLOSEST_DEFENDERMARTIN, KEVIN                         CLOSEST_DEFENDERMARTIN, KEVIN  0.00000000
CLOSEST_DEFENDERMATTHEWS, WESLEY                   CLOSEST_DEFENDERMATTHEWS, WESLEY  0.00000000
CLOSEST_DEFENDERMAXIELL, JASON                       CLOSEST_DEFENDERMAXIELL, JASON  0.00000000
CLOSEST_DEFENDERMAYO, OJ                                   CLOSEST_DEFENDERMAYO, OJ  0.00000000
CLOSEST_DEFENDERMBAH A MOUTE, LUC                 CLOSEST_DEFENDERMBAH A MOUTE, LUC  0.00000000
CLOSEST_DEFENDERMCADOO, JAMES MICHAEL         CLOSEST_DEFENDERMCADOO, JAMES MICHAEL  0.00000000
CLOSEST_DEFENDERMCCALLUM, RAY                         CLOSEST_DEFENDERMCCALLUM, RAY  0.00000000
CLOSEST_DEFENDERMCCOLLUM, CJ                           CLOSEST_DEFENDERMCCOLLUM, CJ  0.00000000
CLOSEST_DEFENDERMCDANIELS, KJ                         CLOSEST_DEFENDERMCDANIELS, KJ  0.00000000
CLOSEST_DEFENDERMCDERMOTT, DOUG                     CLOSEST_DEFENDERMCDERMOTT, DOUG  0.00000000
CLOSEST_DEFENDERMCGARY, MITCH                         CLOSEST_DEFENDERMCGARY, MITCH  0.00000000
CLOSEST_DEFENDERMCGEE, JAVALE                         CLOSEST_DEFENDERMCGEE, JAVALE  0.00000000
CLOSEST_DEFENDERMCLEMORE, BEN                         CLOSEST_DEFENDERMCLEMORE, BEN  0.00000000
CLOSEST_DEFENDERMCROBERTS, JOSH                     CLOSEST_DEFENDERMCROBERTS, JOSH  0.00000000
CLOSEST_DEFENDERMEEKS, JODIE                           CLOSEST_DEFENDERMEEKS, JODIE  0.00000000
CLOSEST_DEFENDERMEKEL, GAL                               CLOSEST_DEFENDERMEKEL, GAL  0.00000000
CLOSEST_DEFENDERMIDDLETON, KHRIS                   CLOSEST_DEFENDERMIDDLETON, KHRIS  0.00000000
CLOSEST_DEFENDERMILES, CJ                                 CLOSEST_DEFENDERMILES, CJ  0.00000000
CLOSEST_DEFENDERMILLER, ANDRE                         CLOSEST_DEFENDERMILLER, ANDRE  0.00000000
CLOSEST_DEFENDERMILLER, DARIUS                       CLOSEST_DEFENDERMILLER, DARIUS  0.00000000
CLOSEST_DEFENDERMILLER, MIKE                           CLOSEST_DEFENDERMILLER, MIKE  0.00000000
CLOSEST_DEFENDERMILLER, QUINCY                       CLOSEST_DEFENDERMILLER, QUINCY  0.00000000
CLOSEST_DEFENDERMILLS, PATTY                           CLOSEST_DEFENDERMILLS, PATTY  0.00000000
CLOSEST_DEFENDERMILLSAP, ELIJAH                     CLOSEST_DEFENDERMILLSAP, ELIJAH  0.00000000
CLOSEST_DEFENDERMILLSAP, PAUL                         CLOSEST_DEFENDERMILLSAP, PAUL  0.00000000
CLOSEST_DEFENDERMIROTIC, NIKOLA                     CLOSEST_DEFENDERMIROTIC, NIKOLA  0.00000000
CLOSEST_DEFENDERMOHAMMED, NAZR                       CLOSEST_DEFENDERMOHAMMED, NAZR  0.00000000
CLOSEST_DEFENDERMONROE, GREG                           CLOSEST_DEFENDERMONROE, GREG  0.00000000
CLOSEST_DEFENDERMOORE, E'TWAUN                       CLOSEST_DEFENDERMOORE, E'TWAUN  0.00000000
CLOSEST_DEFENDERMORELAND, ERIC                       CLOSEST_DEFENDERMORELAND, ERIC  0.00000000
CLOSEST_DEFENDERMORRIS, DARIUS                       CLOSEST_DEFENDERMORRIS, DARIUS  0.00000000
CLOSEST_DEFENDERMORRIS, MARCUS                       CLOSEST_DEFENDERMORRIS, MARCUS  0.00000000
CLOSEST_DEFENDERMORRIS, MARKIEFF                   CLOSEST_DEFENDERMORRIS, MARKIEFF  0.00000000
CLOSEST_DEFENDERMORROW, ANTHONY                     CLOSEST_DEFENDERMORROW, ANTHONY  0.00000000
CLOSEST_DEFENDERMOTIEJUNAS, DONATAS             CLOSEST_DEFENDERMOTIEJUNAS, DONATAS  0.00000000
CLOSEST_DEFENDERMOZGOV, TIMOFEY                     CLOSEST_DEFENDERMOZGOV, TIMOFEY  0.00000000
CLOSEST_DEFENDERMUHAMMAD, SHABAZZ                 CLOSEST_DEFENDERMUHAMMAD, SHABAZZ  0.00000000
CLOSEST_DEFENDERMURRY, TOURE                           CLOSEST_DEFENDERMURRY, TOURE  0.00000000
CLOSEST_DEFENDERMUSCALA, MIKE                         CLOSEST_DEFENDERMUSCALA, MIKE  0.00000000
CLOSEST_DEFENDERNAPIER, SHABAZZ                     CLOSEST_DEFENDERNAPIER, SHABAZZ  0.00000000
CLOSEST_DEFENDERNEAL, GARY                               CLOSEST_DEFENDERNEAL, GARY  0.00000000
CLOSEST_DEFENDERNELSON, JAMEER                       CLOSEST_DEFENDERNELSON, JAMEER  0.00000000
CLOSEST_DEFENDERNENE                                           CLOSEST_DEFENDERNENE  0.00000000
CLOSEST_DEFENDERNICHOLSON, ANDREW                 CLOSEST_DEFENDERNICHOLSON, ANDREW  0.00000000
CLOSEST_DEFENDERNOAH, JOAKIM                           CLOSEST_DEFENDERNOAH, JOAKIM  0.00000000
CLOSEST_DEFENDERNOEL, NERLENS                         CLOSEST_DEFENDERNOEL, NERLENS  0.00000000
CLOSEST_DEFENDERNOGUEIRA, LUCAS                     CLOSEST_DEFENDERNOGUEIRA, LUCAS  0.00000000
CLOSEST_DEFENDERNOVAK, STEVE                           CLOSEST_DEFENDERNOVAK, STEVE  0.00000000
CLOSEST_DEFENDERNOWITZKI, DIRK                       CLOSEST_DEFENDERNOWITZKI, DIRK  0.00000000
CLOSEST_DEFENDERNURKIC, JUSUF                         CLOSEST_DEFENDERNURKIC, JUSUF  0.00000000
CLOSEST_DEFENDERO'BRYANT, JOHNNY                   CLOSEST_DEFENDERO'BRYANT, JOHNNY  0.00000000
CLOSEST_DEFENDERO'QUINN, KYLE                         CLOSEST_DEFENDERO'QUINN, KYLE  0.00000000
CLOSEST_DEFENDEROLADIPO, VICTOR                     CLOSEST_DEFENDEROLADIPO, VICTOR  0.00000000
CLOSEST_DEFENDEROLYNYK, KELLY                         CLOSEST_DEFENDEROLYNYK, KELLY  0.00000000
CLOSEST_DEFENDERPACHULIA, ZAZA                       CLOSEST_DEFENDERPACHULIA, ZAZA  0.00000000
CLOSEST_DEFENDERPAPANIKOLAOU, KOSTAS           CLOSEST_DEFENDERPAPANIKOLAOU, KOSTAS  0.00000000
CLOSEST_DEFENDERPARGO, JANNERO                       CLOSEST_DEFENDERPARGO, JANNERO  0.00000000
CLOSEST_DEFENDERPARKER, JABARI                       CLOSEST_DEFENDERPARKER, JABARI  0.00000000
CLOSEST_DEFENDERPARKER, TONY                           CLOSEST_DEFENDERPARKER, TONY  0.00000000
CLOSEST_DEFENDERPARSONS, CHANDLER                 CLOSEST_DEFENDERPARSONS, CHANDLER  0.00000000
CLOSEST_DEFENDERPATTERSON, PATRICK               CLOSEST_DEFENDERPATTERSON, PATRICK  0.00000000
CLOSEST_DEFENDERPAUL, CHRIS                             CLOSEST_DEFENDERPAUL, CHRIS  0.00000000
CLOSEST_DEFENDERPAYNE, ADREIAN                       CLOSEST_DEFENDERPAYNE, ADREIAN  0.00000000
CLOSEST_DEFENDERPAYTON, ELFRID                       CLOSEST_DEFENDERPAYTON, ELFRID  0.00000000
CLOSEST_DEFENDERPEKOVIC, NIKOLA                     CLOSEST_DEFENDERPEKOVIC, NIKOLA  0.00000000
CLOSEST_DEFENDERPERKINS, KENDRICK                 CLOSEST_DEFENDERPERKINS, KENDRICK  0.00000000
CLOSEST_DEFENDERPIERCE, PAUL                           CLOSEST_DEFENDERPIERCE, PAUL  0.00000000
CLOSEST_DEFENDERPLUMLEE, MASON                       CLOSEST_DEFENDERPLUMLEE, MASON  0.00000000
CLOSEST_DEFENDERPLUMLEE, MILES                       CLOSEST_DEFENDERPLUMLEE, MILES  0.00000000
CLOSEST_DEFENDERPONDEXTER, QUINCY                 CLOSEST_DEFENDERPONDEXTER, QUINCY  0.00000000
CLOSEST_DEFENDERPORTER, OTTO                           CLOSEST_DEFENDERPORTER, OTTO  0.00000000
CLOSEST_DEFENDERPOWELL, DWIGHT                       CLOSEST_DEFENDERPOWELL, DWIGHT  0.00000000
CLOSEST_DEFENDERPRESSEY, PHIL                         CLOSEST_DEFENDERPRESSEY, PHIL  0.00000000
CLOSEST_DEFENDERPRICE, AJ                                 CLOSEST_DEFENDERPRICE, AJ  0.00000000
CLOSEST_DEFENDERPRICE, RONNIE                         CLOSEST_DEFENDERPRICE, RONNIE  0.00000000
CLOSEST_DEFENDERPRIGIONI, PABLO                     CLOSEST_DEFENDERPRIGIONI, PABLO  0.00000000
CLOSEST_DEFENDERPRINCE, TAYSHAUN                   CLOSEST_DEFENDERPRINCE, TAYSHAUN  0.00000000
CLOSEST_DEFENDERRADULJICA, MIROSLAV             CLOSEST_DEFENDERRADULJICA, MIROSLAV  0.00000000
CLOSEST_DEFENDERRANDLE, JULIUS                       CLOSEST_DEFENDERRANDLE, JULIUS  0.00000000
CLOSEST_DEFENDERRANDOLPH, SHAVLIK                 CLOSEST_DEFENDERRANDOLPH, SHAVLIK  0.00000000
CLOSEST_DEFENDERRANDOLPH, ZACH                       CLOSEST_DEFENDERRANDOLPH, ZACH  0.00000000
CLOSEST_DEFENDERREDICK, JJ                               CLOSEST_DEFENDERREDICK, JJ  0.00000000
CLOSEST_DEFENDERRICE JR, GLEN                         CLOSEST_DEFENDERRICE JR, GLEN  0.00000000
CLOSEST_DEFENDERRICHARDSON, JASON                 CLOSEST_DEFENDERRICHARDSON, JASON  0.00000000
CLOSEST_DEFENDERRIDNOUR, LUKE                         CLOSEST_DEFENDERRIDNOUR, LUKE  0.00000000
CLOSEST_DEFENDERRIVERS, AUSTIN                       CLOSEST_DEFENDERRIVERS, AUSTIN  0.00000000
CLOSEST_DEFENDERROBERSON, ANDRE                     CLOSEST_DEFENDERROBERSON, ANDRE  0.00000000
CLOSEST_DEFENDERROBERTS, BRIAN                       CLOSEST_DEFENDERROBERTS, BRIAN  0.00000000
CLOSEST_DEFENDERROBINSON, GLENN                     CLOSEST_DEFENDERROBINSON, GLENN  0.00000000
CLOSEST_DEFENDERROBINSON, NATE                       CLOSEST_DEFENDERROBINSON, NATE  0.00000000
CLOSEST_DEFENDERROBINSON, THOMAS                   CLOSEST_DEFENDERROBINSON, THOMAS  0.00000000
CLOSEST_DEFENDERRONDO, RAJON                           CLOSEST_DEFENDERRONDO, RAJON  0.00000000
CLOSEST_DEFENDERROSE, DERRICK                         CLOSEST_DEFENDERROSE, DERRICK  0.00000000
CLOSEST_DEFENDERROSS, TERRENCE                       CLOSEST_DEFENDERROSS, TERRENCE  0.00000000
CLOSEST_DEFENDERRUBIO, RICKY                           CLOSEST_DEFENDERRUBIO, RICKY  0.00000000
CLOSEST_DEFENDERRUDEZ, DAMJAN                         CLOSEST_DEFENDERRUDEZ, DAMJAN  0.00000000
CLOSEST_DEFENDERRUSH, BRANDON                         CLOSEST_DEFENDERRUSH, BRANDON  0.00000000
CLOSEST_DEFENDERSACRE, ROBERT                         CLOSEST_DEFENDERSACRE, ROBERT  0.00000000
CLOSEST_DEFENDERSALMONS, JOHN                         CLOSEST_DEFENDERSALMONS, JOHN  0.00000000
CLOSEST_DEFENDERSAMPSON, JAKARR                     CLOSEST_DEFENDERSAMPSON, JAKARR  0.00000000
CLOSEST_DEFENDERSANDERS, LARRY                       CLOSEST_DEFENDERSANDERS, LARRY  0.00000000
CLOSEST_DEFENDERSCHRODER, DENNIS                   CLOSEST_DEFENDERSCHRODER, DENNIS  0.00000000
CLOSEST_DEFENDERSCOLA, LUIS                             CLOSEST_DEFENDERSCOLA, LUIS  0.00000000
CLOSEST_DEFENDERSCOTT, MIKE                             CLOSEST_DEFENDERSCOTT, MIKE  0.00000000
CLOSEST_DEFENDERSEFOLOSHA, THABO                   CLOSEST_DEFENDERSEFOLOSHA, THABO  0.00000000
CLOSEST_DEFENDERSERAPHIN, KEVIN                     CLOSEST_DEFENDERSERAPHIN, KEVIN  0.00000000
CLOSEST_DEFENDERSESSIONS, RAMON                     CLOSEST_DEFENDERSESSIONS, RAMON  0.00000000
CLOSEST_DEFENDERSHUMPERT, IMAN                       CLOSEST_DEFENDERSHUMPERT, IMAN  0.00000000
CLOSEST_DEFENDERSHVED, ALEXEY                         CLOSEST_DEFENDERSHVED, ALEXEY  0.00000000
CLOSEST_DEFENDERSIMS, HENRY                             CLOSEST_DEFENDERSIMS, HENRY  0.00000000
CLOSEST_DEFENDERSINGLER, KYLE                         CLOSEST_DEFENDERSINGLER, KYLE  0.00000000
CLOSEST_DEFENDERSLOAN, DONALD                         CLOSEST_DEFENDERSLOAN, DONALD  0.00000000
CLOSEST_DEFENDERSMART, MARCUS                         CLOSEST_DEFENDERSMART, MARCUS  0.00000000
CLOSEST_DEFENDERSMITH, GREG                             CLOSEST_DEFENDERSMITH, GREG  0.00000000
CLOSEST_DEFENDERSMITH, ISH                               CLOSEST_DEFENDERSMITH, ISH  0.00000000
CLOSEST_DEFENDERSMITH, JASON                           CLOSEST_DEFENDERSMITH, JASON  0.00000000
CLOSEST_DEFENDERSMITH, JOSH                             CLOSEST_DEFENDERSMITH, JOSH  0.00000000
CLOSEST_DEFENDERSMITH, JR                                 CLOSEST_DEFENDERSMITH, JR  0.00000000
CLOSEST_DEFENDERSMITH, RUSS                             CLOSEST_DEFENDERSMITH, RUSS  0.00000000
CLOSEST_DEFENDERSNELL, TONY                             CLOSEST_DEFENDERSNELL, TONY  0.00000000
CLOSEST_DEFENDERSPEIGHTS, MARREESE               CLOSEST_DEFENDERSPEIGHTS, MARREESE  0.00000000
CLOSEST_DEFENDERSPLITTER, TIAGO                     CLOSEST_DEFENDERSPLITTER, TIAGO  0.00000000
CLOSEST_DEFENDERSTAUSKAS, NIK                         CLOSEST_DEFENDERSTAUSKAS, NIK  0.00000000
CLOSEST_DEFENDERSTEPHENSON, LANCE                 CLOSEST_DEFENDERSTEPHENSON, LANCE  0.00000000
CLOSEST_DEFENDERSTIEMSMA, GREG                       CLOSEST_DEFENDERSTIEMSMA, GREG  0.00000000
CLOSEST_DEFENDERSTOKES, JARNELL                     CLOSEST_DEFENDERSTOKES, JARNELL  0.00000000
CLOSEST_DEFENDERSTOUDEMIRE, AMAR'E               CLOSEST_DEFENDERSTOUDEMIRE, AMAR'E  0.00000000
CLOSEST_DEFENDERSTUCKEY, RODNEY                     CLOSEST_DEFENDERSTUCKEY, RODNEY  0.00000000
CLOSEST_DEFENDERSULLINGER, JARED                   CLOSEST_DEFENDERSULLINGER, JARED  0.00000000
CLOSEST_DEFENDERTAYLOR, JEFF                           CLOSEST_DEFENDERTAYLOR, JEFF  0.00000000
CLOSEST_DEFENDERTEAGUE, JEFF                           CLOSEST_DEFENDERTEAGUE, JEFF  0.00000000
CLOSEST_DEFENDERTELETOVIC, MIRZA                   CLOSEST_DEFENDERTELETOVIC, MIRZA  0.00000000
CLOSEST_DEFENDERTELFAIR, SEBASTIAN               CLOSEST_DEFENDERTELFAIR, SEBASTIAN  0.00000000
CLOSEST_DEFENDERTEMPLE, GARRETT                     CLOSEST_DEFENDERTEMPLE, GARRETT  0.00000000
CLOSEST_DEFENDERTERRY, JASON                           CLOSEST_DEFENDERTERRY, JASON  0.00000000
CLOSEST_DEFENDERTHOMAS, ISAIAH                       CLOSEST_DEFENDERTHOMAS, ISAIAH  0.00000000
CLOSEST_DEFENDERTHOMAS, LANCE                         CLOSEST_DEFENDERTHOMAS, LANCE  0.00000000
CLOSEST_DEFENDERTHOMAS, MALCOLM                     CLOSEST_DEFENDERTHOMAS, MALCOLM  0.00000000
CLOSEST_DEFENDERTHOMPSON, HOLLIS                   CLOSEST_DEFENDERTHOMPSON, HOLLIS  0.00000000
CLOSEST_DEFENDERTHOMPSON, JASON                     CLOSEST_DEFENDERTHOMPSON, JASON  0.00000000
CLOSEST_DEFENDERTHOMPSON, KLAY                       CLOSEST_DEFENDERTHOMPSON, KLAY  0.00000000
CLOSEST_DEFENDERTHOMPSON, TRISTAN                 CLOSEST_DEFENDERTHOMPSON, TRISTAN  0.00000000
CLOSEST_DEFENDERTHORNTON, MARCUS                   CLOSEST_DEFENDERTHORNTON, MARCUS  0.00000000
CLOSEST_DEFENDERTOLLIVER, ANTHONY                 CLOSEST_DEFENDERTOLLIVER, ANTHONY  0.00000000
CLOSEST_DEFENDERTUCKER, PJ                               CLOSEST_DEFENDERTUCKER, PJ  0.00000000
CLOSEST_DEFENDERTURIAF, RONNY                         CLOSEST_DEFENDERTURIAF, RONNY  0.00000000
CLOSEST_DEFENDERTURKOGLU, HEDO                       CLOSEST_DEFENDERTURKOGLU, HEDO  0.00000000
CLOSEST_DEFENDERTURNER, EVAN                           CLOSEST_DEFENDERTURNER, EVAN  0.00000000
CLOSEST_DEFENDERUDOH, EKPE                               CLOSEST_DEFENDERUDOH, EKPE  0.00000000
CLOSEST_DEFENDERUDRIH, BENO                             CLOSEST_DEFENDERUDRIH, BENO  0.00000000
CLOSEST_DEFENDERVALANCIUNAS, JONAS               CLOSEST_DEFENDERVALANCIUNAS, JONAS  0.00000000
CLOSEST_DEFENDERVAREJAO, ANDERSON                 CLOSEST_DEFENDERVAREJAO, ANDERSON  0.00000000
CLOSEST_DEFENDERVASQUEZ, GREIVIS                   CLOSEST_DEFENDERVASQUEZ, GREIVIS  0.00000000
CLOSEST_DEFENDERVILLANUEVA, CHARLIE             CLOSEST_DEFENDERVILLANUEVA, CHARLIE  0.00000000
CLOSEST_DEFENDERVONLEH, NOAH                           CLOSEST_DEFENDERVONLEH, NOAH  0.00000000
CLOSEST_DEFENDERVUCEVIC, NIKOLA                     CLOSEST_DEFENDERVUCEVIC, NIKOLA  0.00000000
CLOSEST_DEFENDERWADE, DWYANE                           CLOSEST_DEFENDERWADE, DWYANE  0.00000000
CLOSEST_DEFENDERWAITERS, DION                         CLOSEST_DEFENDERWAITERS, DION  0.00000000
CLOSEST_DEFENDERWALKER, HENRY                         CLOSEST_DEFENDERWALKER, HENRY  0.00000000
CLOSEST_DEFENDERWALKER, KEMBA                         CLOSEST_DEFENDERWALKER, KEMBA  0.00000000
CLOSEST_DEFENDERWALL, JOHN                               CLOSEST_DEFENDERWALL, JOHN  0.00000000
CLOSEST_DEFENDERWALLACE, GERALD                     CLOSEST_DEFENDERWALLACE, GERALD  0.00000000
CLOSEST_DEFENDERWARREN, TJ                               CLOSEST_DEFENDERWARREN, TJ  0.00000000
CLOSEST_DEFENDERWATSON, CJ                               CLOSEST_DEFENDERWATSON, CJ  0.00000000
CLOSEST_DEFENDERWEAR, TRAVIS                           CLOSEST_DEFENDERWEAR, TRAVIS  0.00000000
CLOSEST_DEFENDERWEBSTER, MARTELL                   CLOSEST_DEFENDERWEBSTER, MARTELL  0.00000000
CLOSEST_DEFENDERWEST, DAVID                             CLOSEST_DEFENDERWEST, DAVID  0.00000000
CLOSEST_DEFENDERWESTBROOK, RUSSELL               CLOSEST_DEFENDERWESTBROOK, RUSSELL  0.00000000
CLOSEST_DEFENDERWHITESIDE, HASSAN                 CLOSEST_DEFENDERWHITESIDE, HASSAN  0.00000000
CLOSEST_DEFENDERWHITTINGTON, SHAYNE             CLOSEST_DEFENDERWHITTINGTON, SHAYNE  0.00000000
CLOSEST_DEFENDERWIGGINS, ANDREW                     CLOSEST_DEFENDERWIGGINS, ANDREW  0.00000000
CLOSEST_DEFENDERWILCOX, CJ                               CLOSEST_DEFENDERWILCOX, CJ  0.00000000
CLOSEST_DEFENDERWILLIAMS, DERON                     CLOSEST_DEFENDERWILLIAMS, DERON  0.00000000
CLOSEST_DEFENDERWILLIAMS, DERRICK                 CLOSEST_DEFENDERWILLIAMS, DERRICK  0.00000000
CLOSEST_DEFENDERWILLIAMS, ELLIOT                   CLOSEST_DEFENDERWILLIAMS, ELLIOT  0.00000000
CLOSEST_DEFENDERWILLIAMS, LOU                         CLOSEST_DEFENDERWILLIAMS, LOU  0.00000000
CLOSEST_DEFENDERWILLIAMS, MARVIN                   CLOSEST_DEFENDERWILLIAMS, MARVIN  0.00000000
CLOSEST_DEFENDERWILLIAMS, MO                           CLOSEST_DEFENDERWILLIAMS, MO  0.00000000
CLOSEST_DEFENDERWILLIAMS, REGGIE                   CLOSEST_DEFENDERWILLIAMS, REGGIE  0.00000000
CLOSEST_DEFENDERWILLIAMS, SHAWNE                   CLOSEST_DEFENDERWILLIAMS, SHAWNE  0.00000000
CLOSEST_DEFENDERWITHEY, JEFF                           CLOSEST_DEFENDERWITHEY, JEFF  0.00000000
CLOSEST_DEFENDERWOLTERS, NATE                         CLOSEST_DEFENDERWOLTERS, NATE  0.00000000
CLOSEST_DEFENDERWRIGHT, BRANDAN                     CLOSEST_DEFENDERWRIGHT, BRANDAN  0.00000000
CLOSEST_DEFENDERWRIGHT, DORELL                       CLOSEST_DEFENDERWRIGHT, DORELL  0.00000000
CLOSEST_DEFENDERWROTEN, TONY                           CLOSEST_DEFENDERWROTEN, TONY  0.00000000
CLOSEST_DEFENDERYOUNG, JAMES                           CLOSEST_DEFENDERYOUNG, JAMES  0.00000000
CLOSEST_DEFENDERYOUNG, NICK                             CLOSEST_DEFENDERYOUNG, NICK  0.00000000
CLOSEST_DEFENDERYOUNG, THADDEUS                     CLOSEST_DEFENDERYOUNG, THADDEUS  0.00000000
CLOSEST_DEFENDERZELLER, CODY                           CLOSEST_DEFENDERZELLER, CODY  0.00000000
CLOSEST_DEFENDERZELLER, TYLER                         CLOSEST_DEFENDERZELLER, TYLER  0.00000000
player_nameADAMS, STEVE                                     player_nameADAMS, STEVE  0.00000000
player_nameAFFLALO, ARRON                                 player_nameAFFLALO, ARRON  0.00000000
player_nameALDRICH, COLE                                   player_nameALDRICH, COLE  0.00000000
player_nameALDRIDGE, LAMARCUS                         player_nameALDRIDGE, LAMARCUS  0.00000000
player_nameALLEN, LAVOY                                     player_nameALLEN, LAVOY  0.00000000
player_nameALLEN, TONY                                       player_nameALLEN, TONY  0.00000000
 [ reached 'max' / getOption("max.print") -- omitted 266 rows ]